Participant Id,Mac Address
39,E7:03:DB:E9:16:3B
56,D4:04:BF:C1:31:5D
58,D1:0E:45:AC:97:DD
64,F7:3A:D8:BC:FD:6C
65,EA:69:13:2A:8E:EC
66,C5:AE:C8:68:B3:6C
67,E3:AF:2F:25:C9:CA
68,D8:88:A5:9A:41:F7
69,D0:38:C6:99:53:8E
70,E8:99:E0:18:53:67
71,C9:55:9C:7F:EB:85
72,C4:66:93:DC:14:C6
73,DB:DC:6C:65:23:F7
74,E7:0A:B9:89:83:0B
75,FB:7D:B4:06:D5:AE
76,F9:A4:3B:A1:AC:4E
77,F5:98:10:28:33:8D
78,C5:65:0B:E3:73:3F
79,E3:B8:72:C2:4C:96
80,EA:27:22:9B:36:B5
81,F1:5B:FE:11:16:CC
82,DD:75:33:4C:24:B4
83,CC:CA:55:E7:B8:85
84,CD:C4:4F:20:ED:34
85,D6:4B:1C:08:8A:3B
86,CE:BC:6D:D4:AD:0F
87,E3:27:1E:81:D1:D0
88,F2:26:80:6B:0C:54
89,C3:B4:11:F7:21:3C
90,CB:5D:74:C0:C2:47
91,FE:0F:4C:8B:4C:E6
92,CC:31:9E:0B:9A:A5
93,FE:71:DB:20:4F:34
94,CA:1B:3E:55:16:64
95,EE:FC:64:AD:BB:AC
96,FD:2A:AC:0F:E9:8E
97,C2:8B:C3:40:9C:78 
98,EA:25:0F:24:10:7B